roundId,answer,startedAt,updatedAt,answeredInRound,phaseId,aggregatorRoundId
18446744073709551617,100065521,1613537992,1613585352,18446744073709551617,1,1
18446744073709551618,100041369,1613624391,1613624400,18446744073709551618,1,2
18446744073709551619,99975000,1613653758,1613653781,18446744073709551619,1,3
18446744073709551620,99946811,1613703372,1613703399,18446744073709551620,1,4
18446744073709551621,100081345,1613763634,1613763651,18446744073709551621,1,5
18446744073709551622,100119397,1613784341,1613784377,18446744073709551622,1,6
18446744073709551623,100035000,1613784707,1613784739,18446744073709551623,1,7
18446744073709551624,100280424,1613865792,1613865829,18446744073709551624,1,8
18446744073709551625,100006421,1613866334,1613866432,18446744073709551625,1,9
18446744073709551626,100045000,1613870550,1613870612,18446744073709551626,1,10
18446744073709551627,100045000,1613870860,1613870876,18446744073709551627,1,11
18446744073709551628,100139313,1613957299,1613957315,18446744073709551628,1,12
18446744073709551629,99925000,1613989106,1613989123,18446744073709551629,1,13
18446744073709551630,99996457,1613992201,1613992219,18446744073709551630,1,14
18446744073709551631,100263301,1613992788,1613992830,18446744073709551631,1,15
18446744073709551632,99710000,1614058367,1614058542,18446744073709551632,1,16
18446744073709551633,100000000,1614060268,1614066162,18446744073709551633,1,17
18446744073709551634,100107022,1614071009,1614071194,18446744073709551634,1,18
18446744073709551635,100029591,1614071367,1614072461,18446744073709551635,1,19
18446744073709551636,100350893,1614076287,1614076391,18446744073709551636,1,20
18446744073709551637,100200339,1614076667,1614076698,18446744073709551637,1,21
18446744073709551638,100029587,1614076882,1614076913,18446744073709551638,1,22
18446744073709551639,100034860,1614076936,1614078958,18446744073709551639,1,23
18446744073709551640,99940000,1614081156,1614081200,18446744073709551640,1,24
18446744073709551641,100015000,1614081988,1614082034,18446744073709551641,1,25
18446744073709551642,100307286,1614088138,1614088143,18446744073709551642,1,26
18446744073709551643,100002669,1614088214,1614088225,18446744073709551643,1,27
18446744073709551644,100307286,1614088293,1614088306,18446744073709551644,1,28
18446744073709551645,100006281,1614088523,1614088555,18446744073709551645,1,29
18446744073709551646,100017281,1614091404,1614091455,18446744073709551646,1,30
18446744073709551647,99985000,1614092899,1614092901,18446744073709551647,1,31
18446744073709551648,99970826,1614093776,1614093790,18446744073709551648,1,32
18446744073709551649,99960000,1614093886,1614093960,18446744073709551649,1,33
18446744073709551650,100031338,1614097722,1614097755,18446744073709551650,1,34
18446744073709551651,99951932,1614107476,1614107501,18446744073709551651,1,35
18446744073709551652,100015000,1614114856,1614114878,18446744073709551652,1,36
18446744073709551653,100007241,1614128700,1614128712,18446744073709551653,1,37
18446744073709551654,100015000,1614129702,1614129772,18446744073709551654,1,38
18446744073709551655,99990299,1614130194,1614130266,18446744073709551655,1,39
18446744073709551656,100106777,1614211346,1614211458,18446744073709551656,1,40
18446744073709551657,100015000,1614297849,1614298149,18446744073709551657,1,41
18446744073709551658,99995000,1614298190,1614301880,18446744073709551658,1,42
18446744073709551659,99999559,1614309187,1614309207,18446744073709551659,1,43
18446744073709551660,99990000,1614384423,1614384578,18446744073709551660,1,44
18446744073709551661,100010149,1614387949,1614388074,18446744073709551661,1,45
18446744073709551662,99950388,1614410174,1614410612,18446744073709551662,1,46
18446744073709551663,99995000,1614421265,1614421466,18446744073709551663,1,47
18446744073709551664,100100000,1614470602,1614470697,18446744073709551664,1,48
18446744073709551665,100200000,1614504718,1614504798,18446744073709551665,1,49
18446744073709551666,100091158,1614521661,1614521759,18446744073709551666,1,50
18446744073709551667,100188838,1614543126,1614543153,18446744073709551667,1,51
18446744073709551668,100071072,1614629525,1614629571,18446744073709551668,1,52
18446744073709551669,100065000,1614643327,1614643366,18446744073709551669,1,53
18446744073709551670,100042901,1614643592,1614643668,18446744073709551670,1,54
18446744073709551671,100100000,1614730022,1614730186,18446744073709551671,1,55
18446744073709551672,100051846,1614816424,1614816451,18446744073709551672,1,56
18446744073709551673,100000000,1614902575,1614902594,18446744073709551673,1,57
18446744073709551674,100100755,1614913540,1614913588,18446744073709551674,1,58
18446744073709551675,100172496,1614914291,1614914322,18446744073709551675,1,59
18446744073709551676,100052162,1615000703,1615000712,18446744073709551676,1,60
18446744073709551677,100020000,1615087126,1615087131,18446744073709551677,1,61
18446744073709551678,100060000,1615089158,1615089182,18446744073709551678,1,62
18446744073709551679,100023200,1615161704,1615161778,18446744073709551679,1,63
18446744073709551680,100066868,1615185322,1615185341,18446744073709551680,1,64
18446744073709551681,100045000,1615271790,1615271825,18446744073709551681,1,65
18446744073709551682,100015000,1615294838,1615294900,18446744073709551682,1,66
18446744073709551683,100000000,1615381233,1615381281,18446744073709551683,1,67
18446744073709551684,100066276,1615395867,1615395893,18446744073709551684,1,68
18446744073709551685,100000000,1615482261,1615482355,18446744073709551685,1,69
18446744073709551686,100048024,1615489596,1615489819,18446744073709551686,1,70
18446744073709551687,100005845,1615549819,1615549839,18446744073709551687,1,71
18446744073709551688,100018882,1615612287,1615612367,18446744073709551688,1,72
18446744073709551689,99970000,1615698656,1615698711,18446744073709551689,1,73
18446744073709551690,100012306,1615723425,1615723429,18446744073709551690,1,74
18446744073709551691,99977333,1615766949,1615767164,18446744073709551691,1,75
18446744073709551692,100009739,1615800440,1615800487,18446744073709551692,1,76
18446744073709551693,100203910,1615813731,1615813811,18446744073709551693,1,77
18446744073709551694,100122405,1615813777,1615813865,18446744073709551694,1,78
18446744073709551695,100005000,1615852974,1615852992,18446744073709551695,1,79
18446744073709551696,100008977,1615939448,1615939613,18446744073709551696,1,80
18446744073709551697,100021046,1615961470,1615971454,18446744073709551697,1,81
18446744073709551698,100075000,1616008087,1616008113,18446744073709551698,1,82
18446744073709551699,100000720,1616025718,1616112117,18446744073709551699,1,83
18446744073709551700,99990000,1616112117,1616112136,18446744073709551700,1,84
18446744073709551701,100046891,1616146786,1616149812,18446744073709551701,1,85
18446744073709551702,100011139,1616199225,1616199289,18446744073709551702,1,86
18446744073709551703,100231304,1616224074,1616224116,18446744073709551703,1,87
18446744073709551704,100015000,1616227411,1616313791,18446744073709551704,1,88
18446744073709551705,100042033,1616313791,1616313946,18446744073709551705,1,89
18446744073709551706,100118207,1616333932,1616333941,18446744073709551706,1,90
18446744073709551707,100022816,1616338998,1616339018,18446744073709551707,1,91
18446744073709551708,100065000,1616353591,1616353659,18446744073709551708,1,92
18446744073709551709,100070323,1616356866,1616356875,18446744073709551709,1,93
18446744073709551710,100016209,1616374392,1616374428,18446744073709551710,1,94
18446744073709551711,100027743,1616460834,1616460872,18446744073709551711,1,95
18446744073709551712,100197739,1616465026,1616465039,18446744073709551712,1,96
18446744073709551713,100033086,1616465245,1616551619,18446744073709551713,1,97
18446744073709551714,100000000,1616551619,1616551654,18446744073709551714,1,98
18446744073709551715,99982500,1616630623,1616630705,18446744073709551715,1,99
18446744073709551716,99970000,1616630847,1616630902,18446744073709551716,1,100
18446744073709551717,99970000,1616630971,1616631016,18446744073709551717,1,101
18446744073709551718,99935000,1616631401,1616631435,18446744073709551718,1,102
18446744073709551719,100000000,1616634866,1616634875,18446744073709551719,1,103
18446744073709551720,100110299,1616718556,1616718582,18446744073709551720,1,104
18446744073709551721,100020000,1616720609,1616720732,18446744073709551721,1,105
18446744073709551722,100230863,1616748385,1616748393,18446744073709551722,1,106
18446744073709551723,100029795,1616834781,1616834798,18446744073709551723,1,107
18446744073709551724,100008011,1616853862,1616853950,18446744073709551724,1,108
18446744073709551725,100005000,1616854109,1616854123,18446744073709551725,1,109
18446744073709551726,99997305,1616940501,1616940531,18446744073709551726,1,110
18446744073709551727,100005000,1617026897,1617026992,18446744073709551727,1,111
18446744073709551728,100031456,1617098474,1617098496,18446744073709551728,1,112
18446744073709551729,100000000,1617102190,1617102216,18446744073709551729,1,113
18446744073709551730,100121124,1617177495,1617177507,18446744073709551730,1,114
18446744073709551731,100100000,1617177881,1617178029,18446744073709551731,1,115
18446744073709551732,100100000,1617178444,1617178461,18446744073709551732,1,116
18446744073709551733,100004786,1617264874,1617264878,18446744073709551733,1,117
18446744073709551734,100013567,1617312243,1617312370,18446744073709551734,1,118
18446744073709551735,100017897,1617398631,1617398716,18446744073709551735,1,119
18446744073709551736,99970000,1617419430,1617419456,18446744073709551736,1,120
18446744073709551737,100000000,1617439671,1617439752,18446744073709551737,1,121
18446744073709551738,100021492,1617526120,1617526196,18446744073709551738,1,122
18446744073709551739,100000000,1617590270,1617590320,18446744073709551739,1,123
18446744073709551740,100056792,1617617205,1617617206,18446744073709551740,1,124
18446744073709551741,100000000,1617620539,1617620575,18446744073709551741,1,125
18446744073709551742,100000000,1617624657,1617624725,18446744073709551742,1,126
18446744073709551743,100023768,1617631789,1617631794,18446744073709551743,1,127
18446744073709551744,100045934,1617638225,1617638235,18446744073709551744,1,128
18446744073709551745,100051399,1617667262,1617667363,18446744073709551745,1,129
18446744073709551746,100000828,1617733582,1617733618,18446744073709551746,1,130
18446744073709551747,100000000,1617819957,1617819991,18446744073709551747,1,131
18446744073709551748,100000018,1617906397,1617906411,18446744073709551748,1,132
18446744073709551749,100000000,1617992838,1617992857,18446744073709551749,1,133
18446744073709551750,99990000,1618079285,1618079307,18446744073709551750,1,134
18446744073709551751,100000000,1618165688,1618165697,18446744073709551751,1,135
18446744073709551752,99996900,1618252098,1618252122,18446744073709551752,1,136
18446744073709551753,100023202,1618338587,1618338633,18446744073709551753,1,137
18446744073709551754,100003671,1618425061,1618425139,18446744073709551754,1,138
18446744073709551755,100128120,1618511459,1618511532,18446744073709551755,1,139
18446744073709551756,100172707,1618597961,1618597967,18446744073709551756,1,140
18446744073709551757,100111429,1618684390,1618684414,18446744073709551757,1,141
18446744073709551758,100100000,1618770816,1618770824,18446744073709551758,1,142
18446744073709551759,100169595,1618783427,1618783446,18446744073709551759,1,143
18446744073709551760,100092945,1618869880,1618869886,18446744073709551760,1,144
18446744073709551761,100100000,1618956385,1618956398,18446744073709551761,1,145
18446744073709551762,100038592,1619042803,1619042819,18446744073709551762,1,146
18446744073709551763,100033283,1619059060,1619059100,18446744073709551763,1,147
18446744073709551764,100014765,1619145572,1619145587,18446744073709551764,1,148
18446744073709551765,100113757,1619231980,1619232032,18446744073709551765,1,149
18446744073709551766,100115937,1619318482,1619318483,18446744073709551766,1,150
18446744073709551767,100100000,1619384706,1619384788,18446744073709551767,1,151
18446744073709551768,100101270,1619471214,1619471227,18446744073709551768,1,152
18446744073709551769,100100000,1619557637,1619557653,18446744073709551769,1,153
18446744073709551770,100100000,1619644075,1619644092,18446744073709551770,1,154
18446744073709551771,100012603,1619730477,1619730549,18446744073709551771,1,155
18446744073709551772,100074321,1619816961,1619816981,18446744073709551772,1,156
18446744073709551773,100009211,1619903377,1619903414,18446744073709551773,1,157
18446744073709551774,100041353,1619989824,1619989860,18446744073709551774,1,158
18446744073709551775,100027776,1620076277,1620076295,18446744073709551775,1,159
18446744073709551776,100100000,1620162709,1620162722,18446744073709551776,1,160
18446744073709551777,100030879,1620313623,1620313644,18446744073709551777,1,161
18446744073709551778,100118821,1620400096,1620400136,18446744073709551778,1,162
18446744073709551779,100128099,1620406995,1620407104,18446744073709551779,1,163
18446744073709551780,100100000,1620493510,1620493557,18446744073709551780,1,164
18446744073709551781,100005906,1620579981,1620579989,18446744073709551781,1,165
18446744073709551782,100100000,1620666392,1620666414,18446744073709551782,1,166
18446744073709551783,100100000,1620677355,1620677639,18446744073709551783,1,167
18446744073709551784,100138000,1620764037,1620764059,18446744073709551784,1,168
18446744073709551785,100100000,1620850483,1620926716,18446744073709551785,1,169
18446744073709551786,100132750,1621013132,1621013184,18446744073709551786,1,170
18446744073709551787,100126460,1621099540,1621099557,18446744073709551787,1,171
18446744073709551788,100071921,1621185947,1621185975,18446744073709551788,1,172
18446744073709551789,100016795,1621272409,1621272467,18446744073709551789,1,173
18446744073709551790,100100000,1621358861,1621364544,18446744073709551790,1,174
18446744073709551791,100100000,1621364591,1621364731,18446744073709551791,1,175
18446744073709551792,100210533,1621451144,1621457103,18446744073709551792,1,176
18446744073709551793,100190612,1621543529,1621543585,18446744073709551793,1,177
18446744073709551794,100132406,1621629994,1621630036,18446744073709551794,1,178
18446744073709551795,100110490,1621716490,1621761421,18446744073709551795,1,179
18446744073709551796,100162674,1621766252,1621766292,18446744073709551796,1,180
18446744073709551797,100153890,1621852692,1621852734,18446744073709551797,1,181
18446744073709551798,100183390,1621939139,1621939189,18446744073709551798,1,182
18446744073709551799,100135048,1622025582,1622025605,18446744073709551799,1,183
18446744073709551800,100100972,1622111990,1622112031,18446744073709551800,1,184
18446744073709551801,100100000,1622192658,1622192680,18446744073709551801,1,185
18446744073709551802,100055058,1622279100,1622279123,18446744073709551802,1,186
18446744073709551803,100055025,1622365531,1622365558,18446744073709551803,1,187
18446744073709551804,100057450,1622451983,1622452011,18446744073709551804,1,188
18446744073709551805,100025210,1622538388,1622538460,18446744073709551805,1,189
18446744073709551806,100000289,1622624867,1622624943,18446744073709551806,1,190
18446744073709551807,100020000,1622711351,1622711368,18446744073709551807,1,191
18446744073709551808,100033803,1622797794,1622797842,18446744073709551808,1,192
18446744073709551809,100043832,1622884198,1622884207,18446744073709551809,1,193
18446744073709551810,100070537,1622970638,1622970643,18446744073709551810,1,194
18446744073709551811,100060000,1623057056,1623057064,18446744073709551811,1,195
18446744073709551812,100095761,1623143487,1623143532,18446744073709551812,1,196
18446744073709551813,100100000,1623229878,1623229901,18446744073709551813,1,197
18446744073709551814,100057375,1623316310,1623316394,18446744073709551814,1,198
18446744073709551815,100028435,1623402803,1623402847,18446744073709551815,1,199
18446744073709551816,100052151,1623489258,1623489310,18446744073709551816,1,200
18446744073709551817,100017447,1623575670,1623575693,18446744073709551817,1,201
18446744073709551818,100019714,1623662107,1623662122,18446744073709551818,1,202
18446744073709551819,100031393,1623748531,1623748546,18446744073709551819,1,203
18446744073709551820,100008204,1623834962,1623834982,18446744073709551820,1,204
18446744073709551821,100008756,1623921356,1623929467,18446744073709551821,1,205
18446744073709551822,100032755,1624015881,1624015955,18446744073709551822,1,206
18446744073709551823,100037588,1624102351,1624102416,18446744073709551823,1,207
18446744073709551824,100090548,1624188949,1624189029,18446744073709551824,1,208
18446744073709551825,100012833,1624275365,1624275378,18446744073709551825,1,209
18446744073709551826,100071130,1624361793,1624361806,18446744073709551826,1,210
18446744073709551827,100054024,1624448215,1624448228,18446744073709551827,1,211
18446744073709551828,100003082,1624534627,1624534655,18446744073709551828,1,212
18446744073709551829,99984211,1624621032,1624621035,18446744073709551829,1,213
18446744073709551830,100051546,1624707475,1624707503,18446744073709551830,1,214
18446744073709551831,100179769,1624793927,1624793954,18446744073709551831,1,215
18446744073709551832,100022458,1624880376,1624880408,18446744073709551832,1,216
18446744073709551833,100068645,1624966779,1624966785,18446744073709551833,1,217
18446744073709551834,100029262,1625053202,1625053218,18446744073709551834,1,218
18446744073709551835,100007698,1625139638,1625139645,18446744073709551835,1,219
18446744073709551836,100003691,1625226058,1625226078,18446744073709551836,1,220
18446744073709551837,100010786,1625312463,1625312473,18446744073709551837,1,221
18446744073709551838,100000000,1625398894,1625398958,18446744073709551838,1,222
18446744073709551839,100040516,1625485361,1625485403,18446744073709551839,1,223
18446744073709551840,100046705,1625571807,1625571832,18446744073709551840,1,224
18446744073709551841,100030382,1625658212,1625658220,18446744073709551841,1,225
18446744073709551842,100014223,1625744636,1625744638,18446744073709551842,1,226
18446744073709551843,100000000,1625831048,1625831069,18446744073709551843,1,227
18446744073709551844,100000000,1625917473,1625917497,18446744073709551844,1,228
18446744073709551845,100000000,1626003846,1626003887,18446744073709551845,1,229
18446744073709551846,100000000,1626090298,1626176701,18446744073709551846,1,230
18446744073709551847,100025000,1626263107,1626349516,18446744073709551847,1,231
18446744073709551848,100000000,1626349516,1626349533,18446744073709551848,1,232
18446744073709551849,100005413,1626386294,1626386307,18446744073709551849,1,233
18446744073709551850,100027381,1626472751,1626472786,18446744073709551850,1,234
18446744073709551851,100010557,1626559204,1626559217,18446744073709551851,1,235
18446744073709551852,100050339,1626645894,1626645982,18446744073709551852,1,236
18446744073709551853,100010434,1626732363,1626732394,18446744073709551853,1,237
18446744073709551854,100026270,1626818788,1626818804,18446744073709551854,1,238
18446744073709551855,100003611,1626905218,1626905226,18446744073709551855,1,239
18446744073709551856,100025400,1626991638,1626991677,18446744073709551856,1,240
18446744073709551857,100050594,1627078107,1627078351,18446744073709551857,1,241
18446744073709551858,100073016,1627164758,1627164780,18446744073709551858,1,242
18446744073709551859,100083735,1627251217,1627251242,18446744073709551859,1,243
18446744073709551860,100000000,1627337661,1627337675,18446744073709551860,1,244
18446744073709551861,100076600,1627385273,1627385308,18446744073709551861,1,245
18446744073709551862,100039288,1627471715,1627471736,18446744073709551862,1,246
18446744073709551863,100029477,1627558158,1627558185,18446744073709551863,1,247
18446744073709551864,100044997,1627644602,1627644630,18446744073709551864,1,248
18446744073709551865,100037662,1627731012,1627731017,18446744073709551865,1,249
18446744073709551866,100043587,1627817460,1627817463,18446744073709551866,1,250
18446744073709551867,100021722,1627903859,1627903973,18446744073709551867,1,251
18446744073709551868,100035967,1627990471,1627990493,18446744073709551868,1,252
18446744073709551869,99998194,1628076876,1628076884,18446744073709551869,1,253
18446744073709551870,100005433,1628163308,1628163351,18446744073709551870,1,254
18446744073709551871,100020537,1628249797,1628249822,18446744073709551871,1,255
18446744073709551872,100059017,1628336227,1628336249,18446744073709551872,1,256
18446744073709551873,100000000,1628422628,1628422643,18446744073709551873,1,257
18446744073709551874,100050233,1628509096,1628509105,18446744073709551874,1,258
18446744073709551875,100037071,1628595566,1628595589,18446744073709551875,1,259
18446744073709551876,100031464,1628682005,1628682023,18446744073709551876,1,260
18446744073709551877,100035706,1628768408,1628768427,18446744073709551877,1,261
18446744073709551878,100037091,1628854835,1628854839,18446744073709551878,1,262
18446744073709551879,100078383,1628941248,1628941298,18446744073709551879,1,263
18446744073709551880,100079295,1629027788,1629027834,18446744073709551880,1,264
18446744073709551881,100047037,1629114161,1629114206,18446744073709551881,1,265
18446744073709551882,100016267,1629200722,1629200749,18446744073709551882,1,266
18446744073709551883,100037986,1629287175,1629287213,18446744073709551883,1,267
18446744073709551884,100020500,1629373720,1629373958,18446744073709551884,1,268
18446744073709551885,99999753,1629460124,1629460142,18446744073709551885,1,269
18446744073709551886,100080975,1629546569,1629546632,18446744073709551886,1,270
18446744073709551887,100070312,1629633125,1629633168,18446744073709551887,1,271
18446744073709551888,100066996,1629719594,1629719637,18446744073709551888,1,272
18446744073709551889,100021661,1629756724,1629756732,18446744073709551889,1,273
18446744073709551890,100019000,1629843229,1629843248,18446744073709551890,1,274
18446744073709551891,100032626,1629929692,1629929706,18446744073709551891,1,275
18446744073709551892,100038468,1630016152,1630016200,18446744073709551892,1,276
18446744073709551893,100080564,1630102561,1630102567,18446744073709551893,1,277
18446744073709551894,100080216,1630189021,1630189247,18446744073709551894,1,278
18446744073709551895,100100000,1630275664,1630275672,18446744073709551895,1,279
18446744073709551896,100033478,1630362234,1630362239,18446744073709551896,1,280
18446744073709551897,100036466,1630448623,1630448642,18446744073709551897,1,281
18446744073709551898,100100000,1631053455,1631053498,18446744073709551898,1,282
18446744073709551899,100013812,1631139968,1631139977,18446744073709551899,1,283
18446744073709551900,100016513,1631226378,1631226402,18446744073709551900,1,284
18446744073709551901,100019364,1631312775,1631312810,18446744073709551901,1,285
18446744073709551902,100083596,1632411766,1632411790,18446744073709551902,1,286
18446744073709551903,99991556,1633016672,1633016678,18446744073709551903,1,287
18446744073709551904,100039833,1633621495,1633621537,18446744073709551904,1,288
18446744073709551905,100014423,1633707897,1633707927,18446744073709551905,1,289
18446744073709551906,100000605,1634312719,1634312791,18446744073709551906,1,290
18446744073709551907,100000605,1634917613,1635692325,18446744073709551906,1,291
18446744073709551908,100072374,1635692325,1635692338,18446744073709551908,1,292
18446744073709551909,100072374,1635778733,1636383713,18446744073709551908,1,293
18446744073709551910,100072374,1636383713,1636988575,18446744073709551908,1,294
18446744073709551911,100016874,1636988575,1637383342,18446744073709551911,1,295
18446744073709551912,100070475,1637988192,1637988309,18446744073709551912,1,296
18446744073709551913,100070475,1638074669,1638679550,18446744073709551912,1,297
18446744073709551914,100142463,1638679550,1638679556,18446744073709551914,1,298
36893488147419103233,99991300,1617267364,1617267364,36893488147419103233,2,1
36893488147419103234,99995920,1617353808,1617353808,36893488147419103234,2,2
36893488147419103235,99970000,1617440231,1617440231,36893488147419103235,2,3
36893488147419103236,100040727,1617526637,1617526637,36893488147419103236,2,4
36893488147419103237,100000000,1617613044,1617613044,36893488147419103237,2,5
36893488147419103238,99986999,1617699466,1617699466,36893488147419103238,2,6
36893488147419103239,99980007,1617785902,1617785902,36893488147419103239,2,7
36893488147419103240,99980617,1617872300,1617872300,36893488147419103240,2,8
36893488147419103241,100025727,1617958708,1617958708,36893488147419103241,2,9
36893488147419103242,100000000,1618045130,1618045130,36893488147419103242,2,10
36893488147419103243,100000000,1618131530,1618131530,36893488147419103243,2,11
36893488147419103244,99950000,1618217953,1618217953,36893488147419103244,2,12
36893488147419103245,100000000,1618304360,1618304360,36893488147419103245,2,13
36893488147419103246,100099148,1618390799,1618390799,36893488147419103246,2,14
36893488147419103247,100020294,1618477208,1618477208,36893488147419103247,2,15
36893488147419103248,100107213,1618563760,1618563760,36893488147419103248,2,16
36893488147419103249,100158424,1618564102,1618564102,36893488147419103249,2,17
36893488147419103250,100100000,1618650510,1618650510,36893488147419103250,2,18
36893488147419103251,100842701,1618717050,1618717050,36893488147419103251,2,19
36893488147419103252,101391499,1618717399,1618717399,36893488147419103252,2,20
36893488147419103253,100446273,1618717499,1618717499,36893488147419103253,2,21
36893488147419103254,101339473,1618717500,1618717500,36893488147419103254,2,22
36893488147419103255,100500000,1618717835,1618717835,36893488147419103255,2,23
36893488147419103256,101863151,1618717909,1618717909,36893488147419103256,2,24
36893488147419103257,100970903,1618718484,1618718484,36893488147419103257,2,25
36893488147419103258,101742445,1618718523,1618718523,36893488147419103258,2,26
36893488147419103259,100900000,1618718529,1618718529,36893488147419103259,2,27
36893488147419103260,101742445,1618718570,1618718570,36893488147419103260,2,28
36893488147419103261,101000000,1618719088,1618719088,36893488147419103261,2,29
36893488147419103262,101621912,1618719123,1618719123,36893488147419103262,2,30
36893488147419103263,101000000,1618719326,1618719326,36893488147419103263,2,31
36893488147419103264,101894958,1618719365,1618719365,36893488147419103264,2,32
36893488147419103265,101000000,1618719441,1618719441,36893488147419103265,2,33
36893488147419103266,101732475,1618719478,1618719478,36893488147419103266,2,34
36893488147419103267,101209913,1618719904,1618719904,36893488147419103267,2,35
36893488147419103268,100673407,1618721448,1618721448,36893488147419103268,2,36
36893488147419103269,100146916,1618730898,1618730898,36893488147419103269,2,37
36893488147419103270,100115261,1618817304,1618817304,36893488147419103270,2,38
36893488147419103271,100116848,1618903733,1618903733,36893488147419103271,2,39
36893488147419103272,100075833,1618990140,1618990140,36893488147419103272,2,40
36893488147419103273,100049815,1619076568,1619076568,36893488147419103273,2,41
36893488147419103274,100021536,1619163177,1619163177,36893488147419103274,2,42
36893488147419103275,100115913,1619249705,1619249705,36893488147419103275,2,43
36893488147419103276,100114694,1619249904,1619249904,36893488147419103276,2,44
36893488147419103277,100074574,1619336351,1619336351,36893488147419103277,2,45
36893488147419103278,100140867,1619422819,1619422819,36893488147419103278,2,46
36893488147419103279,100100585,1619509236,1619509236,36893488147419103279,2,47
36893488147419103280,100101452,1619595753,1619595753,36893488147419103280,2,48
36893488147419103281,100089512,1619682153,1619682153,36893488147419103281,2,49
36893488147419103282,100097809,1619768599,1619768599,36893488147419103282,2,50
36893488147419103283,100006682,1619855017,1619855017,36893488147419103283,2,51
36893488147419103284,100019076,1619941429,1619941429,36893488147419103284,2,52
36893488147419103285,100046181,1620027819,1620027819,36893488147419103285,2,53
36893488147419103286,100024944,1620114246,1620114246,36893488147419103286,2,54
36893488147419103287,100062324,1620200658,1620200658,36893488147419103287,2,55
36893488147419103288,100117304,1620287196,1620287196,36893488147419103288,2,56
36893488147419103289,100127287,1620287276,1620287276,36893488147419103289,2,57
36893488147419103290,100067582,1620373696,1620373696,36893488147419103290,2,58
36893488147419103291,100100000,1620460157,1620460157,36893488147419103291,2,59
36893488147419103292,100071458,1620546604,1620546604,36893488147419103292,2,60
36893488147419103293,100100772,1620633103,1620633103,36893488147419103293,2,61
36893488147419103294,100100000,1620719500,1620719500,36893488147419103294,2,62
36893488147419103295,100100000,1620805979,1620805979,36893488147419103295,2,63
36893488147419103296,100100000,1620892521,1620892521,36893488147419103296,2,64
36893488147419103297,100104687,1620892926,1620892926,36893488147419103297,2,65
36893488147419103298,100121206,1620979365,1620979365,36893488147419103298,2,66
36893488147419103299,100100000,1621065788,1621065788,36893488147419103299,2,67
36893488147419103300,100033888,1621152190,1621152190,36893488147419103300,2,68
36893488147419103301,100200000,1621238610,1621238610,36893488147419103301,2,69
36893488147419103302,100077034,1621325041,1621325041,36893488147419103302,2,70
36893488147419103303,100100000,1621411467,1621411467,36893488147419103303,2,71
36893488147419103304,100668766,1621429691,1621429691,36893488147419103304,2,72
36893488147419103305,101338657,1621429887,1621429887,36893488147419103305,2,73
36893488147419103306,100100000,1621430007,1621430007,36893488147419103306,2,74
36893488147419103307,101352521,1621432549,1621432549,36893488147419103307,2,75
36893488147419103308,100600000,1621432638,1621432638,36893488147419103308,2,76
36893488147419103309,102081780,1621433326,1621433326,36893488147419103309,2,77
36893488147419103310,101216285,1621433376,1621433376,36893488147419103310,2,78
36893488147419103311,101235461,1621433681,1621433681,36893488147419103311,2,79
36893488147419103312,100723104,1621434004,1621434004,36893488147419103312,2,80
36893488147419103313,101329562,1621443487,1621443487,36893488147419103313,2,81
36893488147419103314,100690435,1621443528,1621443528,36893488147419103314,2,82
36893488147419103315,100182073,1621459699,1621459699,36893488147419103315,2,83
36893488147419103316,100139010,1621546131,1621546131,36893488147419103316,2,84
36893488147419103317,100120289,1621632645,1621632645,36893488147419103317,2,85
36893488147419103318,100200000,1621719067,1621719067,36893488147419103318,2,86
36893488147419103319,100200000,1621805493,1621805493,36893488147419103319,2,87
36893488147419103320,100130181,1621891910,1621891910,36893488147419103320,2,88
36893488147419103321,100114385,1621978319,1621978319,36893488147419103321,2,89
36893488147419103322,100150547,1622064721,1622064721,36893488147419103322,2,90
36893488147419103323,100098527,1622151127,1622151127,36893488147419103323,2,91
36893488147419103324,100049442,1622237520,1622237520,36893488147419103324,2,92
36893488147419103325,100097531,1622323935,1622323935,36893488147419103325,2,93
36893488147419103326,100070000,1622410320,1622410320,36893488147419103326,2,94
36893488147419103327,100039271,1622496754,1622496754,36893488147419103327,2,95
36893488147419103328,100026985,1622583149,1622583149,36893488147419103328,2,96
36893488147419103329,100030363,1622669550,1622669550,36893488147419103329,2,97
36893488147419103330,100023721,1622755943,1622755943,36893488147419103330,2,98
36893488147419103331,100077021,1622842390,1622842390,36893488147419103331,2,99
36893488147419103332,100031791,1622928821,1622928821,36893488147419103332,2,100
36893488147419103333,100038884,1623015232,1623015232,36893488147419103333,2,101
36893488147419103334,100045920,1623101640,1623101640,36893488147419103334,2,102
36893488147419103335,100118300,1623188090,1623188090,36893488147419103335,2,103
36893488147419103336,100118300,1623188182,1623188182,36893488147419103336,2,104
36893488147419103337,100086539,1623274603,1623274603,36893488147419103337,2,105
36893488147419103338,100077390,1623361021,1623361021,36893488147419103338,2,106
36893488147419103339,100038155,1623447429,1623447429,36893488147419103339,2,107
36893488147419103340,100025941,1623533819,1623533819,36893488147419103340,2,108
36893488147419103341,100027954,1623620225,1623620225,36893488147419103341,2,109
36893488147419103342,100041918,1623706644,1623706644,36893488147419103342,2,110
36893488147419103343,100007766,1623793061,1623793061,36893488147419103343,2,111
36893488147419103344,100000000,1623879449,1623879449,36893488147419103344,2,112
36893488147419103345,100010000,1623965846,1623965846,36893488147419103345,2,113
36893488147419103346,100067908,1624052278,1624052278,36893488147419103346,2,114
36893488147419103347,100099304,1624138696,1624138696,36893488147419103347,2,115
36893488147419103348,100051017,1624225123,1624225123,36893488147419103348,2,116
36893488147419103349,100067968,1624311539,1624311539,36893488147419103349,2,117
36893488147419103350,100080707,1624397975,1624397975,36893488147419103350,2,118
36893488147419103351,100043717,1624484400,1624484400,36893488147419103351,2,119
36893488147419103352,100018141,1624570803,1624570803,36893488147419103352,2,120
36893488147419103353,100002328,1624657205,1624657205,36893488147419103353,2,121
36893488147419103354,100097664,1624743640,1624743640,36893488147419103354,2,122
36893488147419103355,100039528,1624830059,1624830059,36893488147419103355,2,123
36893488147419103356,100030081,1624916469,1624916469,36893488147419103356,2,124
36893488147419103357,100015138,1625002903,1625002903,36893488147419103357,2,125
36893488147419103358,100028760,1625089307,1625089307,36893488147419103358,2,126
36893488147419103359,100026321,1625175747,1625175747,36893488147419103359,2,127
36893488147419103360,100034998,1625262177,1625262177,36893488147419103360,2,128
36893488147419103361,100023152,1625348575,1625348575,36893488147419103361,2,129
36893488147419103362,99997388,1625435018,1625435018,36893488147419103362,2,130
36893488147419103363,100047295,1625521398,1625521398,36893488147419103363,2,131
36893488147419103364,100021462,1625607789,1625607789,36893488147419103364,2,132
36893488147419103365,100020033,1625694215,1625694215,36893488147419103365,2,133
36893488147419103366,99993462,1625780617,1625780617,36893488147419103366,2,134
36893488147419103367,100000000,1625867038,1625867038,36893488147419103367,2,135
36893488147419103368,100004758,1625953458,1625953458,36893488147419103368,2,136
36893488147419103369,100011753,1626039876,1626039876,36893488147419103369,2,137
36893488147419103370,100000000,1626126277,1626126277,36893488147419103370,2,138
36893488147419103371,100000000,1626212738,1626212738,36893488147419103371,2,139
36893488147419103372,100017080,1626299211,1626299211,36893488147419103372,2,140
36893488147419103373,100000307,1626385660,1626385660,36893488147419103373,2,141
36893488147419103374,100019789,1626472064,1626472064,36893488147419103374,2,142
36893488147419103375,100014159,1626558483,1626558483,36893488147419103375,2,143
36893488147419103376,100030356,1626644885,1626644885,36893488147419103376,2,144
36893488147419103377,100011584,1626731286,1626731286,36893488147419103377,2,145
36893488147419103378,100020233,1626817708,1626817708,36893488147419103378,2,146
36893488147419103379,100015550,1626904125,1626904125,36893488147419103379,2,147
36893488147419103380,100019921,1626990531,1626990531,36893488147419103380,2,148
36893488147419103381,100065580,1627076933,1627076933,36893488147419103381,2,149
36893488147419103382,100068814,1627163422,1627163422,36893488147419103382,2,150
36893488147419103383,100093622,1627249824,1627249824,36893488147419103383,2,151
36893488147419103384,100006916,1627336233,1627336233,36893488147419103384,2,152
36893488147419103385,100030212,1627422618,1627422618,36893488147419103385,2,153
36893488147419103386,100023940,1627509034,1627509034,36893488147419103386,2,154
36893488147419103387,100035027,1627595407,1627595407,36893488147419103387,2,155
36893488147419103388,100052787,1627681869,1627681869,36893488147419103388,2,156
36893488147419103389,100060014,1627768268,1627768268,36893488147419103389,2,157
36893488147419103390,100036648,1627854650,1627854650,36893488147419103390,2,158
36893488147419103391,100014268,1627941113,1627941113,36893488147419103391,2,159
36893488147419103392,100001860,1628027550,1628027550,36893488147419103392,2,160
36893488147419103393,100000000,1628113954,1628113954,36893488147419103393,2,161
36893488147419103394,100035847,1628200419,1628200419,36893488147419103394,2,162
36893488147419103395,100034146,1628286810,1628286810,36893488147419103395,2,163
36893488147419103396,100048302,1628373226,1628373226,36893488147419103396,2,164
36893488147419103397,100054030,1628459632,1628459632,36893488147419103397,2,165
36893488147419103398,100011738,1628545996,1628545996,36893488147419103398,2,166
36893488147419103399,100019758,1628632395,1628632395,36893488147419103399,2,167
36893488147419103400,100041402,1628718789,1628718789,36893488147419103400,2,168
36893488147419103401,100052414,1628805189,1628805189,36893488147419103401,2,169
36893488147419103402,100035000,1628891619,1628891619,36893488147419103402,2,170
36893488147419103403,100083277,1628978031,1628978031,36893488147419103403,2,171
36893488147419103404,100070648,1629064460,1629064460,36893488147419103404,2,172
36893488147419103405,100035560,1629150878,1629150878,36893488147419103405,2,173
36893488147419103406,100008824,1629237333,1629237333,36893488147419103406,2,174
36893488147419103407,100035584,1629323707,1629323707,36893488147419103407,2,175
36893488147419103408,99994479,1629410109,1629410109,36893488147419103408,2,176
36893488147419103409,100030391,1629496516,1629496516,36893488147419103409,2,177
36893488147419103410,100079349,1629583172,1629583172,36893488147419103410,2,178
36893488147419103411,100100000,1629669558,1629669558,36893488147419103411,2,179
36893488147419103412,100028261,1629755962,1629755962,36893488147419103412,2,180
36893488147419103413,100034867,1629842372,1629842372,36893488147419103413,2,181
36893488147419103414,100021368,1629928781,1629928781,36893488147419103414,2,182
36893488147419103415,100033375,1630015197,1630015197,36893488147419103415,2,183
36893488147419103416,100058190,1630102159,1630102159,36893488147419103416,2,184
36893488147419103417,100069808,1630188707,1630188707,36893488147419103417,2,185
36893488147419103418,100100000,1630275112,1630275112,36893488147419103418,2,186
36893488147419103419,100037094,1630361523,1630361523,36893488147419103419,2,187
36893488147419103420,100032613,1630447952,1630447952,36893488147419103420,2,188
36893488147419103421,100031751,1630534370,1630534370,36893488147419103421,2,189
36893488147419103422,100045517,1630620739,1630620739,36893488147419103422,2,190
36893488147419103423,100026835,1630707149,1630707149,36893488147419103423,2,191
36893488147419103424,100060000,1630793622,1630793622,36893488147419103424,2,192
36893488147419103425,100034068,1630880039,1630880039,36893488147419103425,2,193
36893488147419103426,100030566,1630966470,1630966470,36893488147419103426,2,194
36893488147419103427,100071757,1631052897,1631052897,36893488147419103427,2,195
36893488147419103428,100021648,1631139282,1631139282,36893488147419103428,2,196
36893488147419103429,100018702,1631225680,1631225680,36893488147419103429,2,197
36893488147419103430,100012541,1631312087,1631312087,36893488147419103430,2,198
36893488147419103431,100024623,1631398496,1631398496,36893488147419103431,2,199
36893488147419103432,100023220,1631484911,1631484911,36893488147419103432,2,200
36893488147419103433,100021195,1631571323,1631571323,36893488147419103433,2,201
36893488147419103434,100028862,1631657820,1631657820,36893488147419103434,2,202
36893488147419103435,100035269,1631744247,1631744247,36893488147419103435,2,203
36893488147419103436,100028391,1631830770,1631830770,36893488147419103436,2,204
36893488147419103437,100019686,1631917189,1631917189,36893488147419103437,2,205
36893488147419103438,100022420,1632003561,1632003561,36893488147419103438,2,206
36893488147419103439,100019992,1632089939,1632089939,36893488147419103439,2,207
36893488147419103440,100000000,1632176362,1632176362,36893488147419103440,2,208
36893488147419103441,100004835,1632262760,1632262760,36893488147419103441,2,209
36893488147419103442,100100000,1632349307,1632349307,36893488147419103442,2,210
36893488147419103443,100078247,1632435732,1632435732,36893488147419103443,2,211
36893488147419103444,100078247,1632435895,1632435895,36893488147419103444,2,212
36893488147419103445,100100000,1632522322,1632522322,36893488147419103445,2,213
36893488147419103446,100079294,1632608782,1632608782,36893488147419103446,2,214
36893488147419103447,100100000,1632695210,1632695210,36893488147419103447,2,215
36893488147419103448,100052330,1632781623,1632781623,36893488147419103448,2,216
36893488147419103449,100036675,1632868107,1632868107,36893488147419103449,2,217
36893488147419103450,100000000,1632954515,1632954515,36893488147419103450,2,218
36893488147419103451,100000000,1633040927,1633040927,36893488147419103451,2,219
36893488147419103452,100051996,1633127342,1633127342,36893488147419103452,2,220
36893488147419103453,100045318,1633213751,1633213751,36893488147419103453,2,221
36893488147419103454,100060000,1633300166,1633300166,36893488147419103454,2,222
36893488147419103455,100040630,1633386556,1633386556,36893488147419103455,2,223
36893488147419103456,100050278,1633473133,1633473133,36893488147419103456,2,224
36893488147419103457,100036725,1633559554,1633559554,36893488147419103457,2,225
36893488147419103458,100027843,1633645992,1633645992,36893488147419103458,2,226
36893488147419103459,100010077,1633732401,1633732401,36893488147419103459,2,227
36893488147419103460,100015000,1633818834,1633818834,36893488147419103460,2,228
36893488147419103461,100065390,1633905215,1633905215,36893488147419103461,2,229
36893488147419103462,100021237,1633991713,1633991713,36893488147419103462,2,230
36893488147419103463,100010450,1634078104,1634078104,36893488147419103463,2,231
36893488147419103464,100008424,1634164521,1634164521,36893488147419103464,2,232
36893488147419103465,100018882,1634250903,1634250903,36893488147419103465,2,233
36893488147419103466,99990000,1634337357,1634337357,36893488147419103466,2,234
36893488147419103467,100000001,1634423768,1634423768,36893488147419103467,2,235
36893488147419103468,100015098,1634510190,1634510190,36893488147419103468,2,236
36893488147419103469,100001722,1634596585,1634596585,36893488147419103469,2,237
36893488147419103470,100017487,1634682976,1634682976,36893488147419103470,2,238
36893488147419103471,100017385,1634769388,1634769388,36893488147419103471,2,239
36893488147419103472,100000000,1634855820,1634855820,36893488147419103472,2,240
36893488147419103473,99991128,1634942229,1634942229,36893488147419103473,2,241
36893488147419103474,100030822,1635028746,1635028746,36893488147419103474,2,242
36893488147419103475,100006608,1635115167,1635115167,36893488147419103475,2,243
36893488147419103476,99993000,1635201643,1635201643,36893488147419103476,2,244
36893488147419103477,100017143,1635288069,1635288069,36893488147419103477,2,245
36893488147419103478,100077813,1635374472,1635374472,36893488147419103478,2,246
36893488147419103479,100047689,1635460893,1635460893,36893488147419103479,2,247
36893488147419103480,100028992,1635547433,1635547433,36893488147419103480,2,248
36893488147419103481,100085528,1635633846,1635633846,36893488147419103481,2,249
36893488147419103482,100079062,1635720248,1635720248,36893488147419103482,2,250
36893488147419103483,100100000,1635806691,1635806691,36893488147419103483,2,251
36893488147419103484,100100000,1635893026,1635893026,36893488147419103484,2,252
36893488147419103485,100067402,1635979462,1635979462,36893488147419103485,2,253
36893488147419103486,100098113,1636065869,1636065869,36893488147419103486,2,254
36893488147419103487,100100000,1636152408,1636152408,36893488147419103487,2,255
36893488147419103488,100100000,1636238810,1636238810,36893488147419103488,2,256
36893488147419103489,100100000,1636325260,1636325260,36893488147419103489,2,257
36893488147419103490,100040000,1636411681,1636411681,36893488147419103490,2,258
36893488147419103491,100023753,1636498101,1636498101,36893488147419103491,2,259
36893488147419103492,100041571,1636584531,1636584531,36893488147419103492,2,260
36893488147419103493,100053423,1636670970,1636670970,36893488147419103493,2,261
36893488147419103494,100026868,1636757388,1636757388,36893488147419103494,2,262
36893488147419103495,100032727,1636843779,1636843779,36893488147419103495,2,263
36893488147419103496,100034504,1636930250,1636930250,36893488147419103496,2,264
36893488147419103497,100026793,1637016672,1637016672,36893488147419103497,2,265
36893488147419103498,100060928,1637103081,1637103081,36893488147419103498,2,266
36893488147419103499,100087794,1637189493,1637189493,36893488147419103499,2,267
36893488147419103500,100100000,1637275905,1637275905,36893488147419103500,2,268
36893488147419103501,100111016,1637362382,1637362382,36893488147419103501,2,269
36893488147419103502,100097895,1637448788,1637448788,36893488147419103502,2,270
36893488147419103503,100100000,1637535177,1637535177,36893488147419103503,2,271
36893488147419103504,100080072,1637621575,1637621575,36893488147419103504,2,272
36893488147419103505,100017672,1637708014,1637708014,36893488147419103505,2,273
36893488147419103506,100032449,1637794421,1637794421,36893488147419103506,2,274
36893488147419103507,100100000,1637880851,1637880851,36893488147419103507,2,275
36893488147419103508,100083888,1637967244,1637967244,36893488147419103508,2,276
36893488147419103509,100092558,1638053654,1638053654,36893488147419103509,2,277
36893488147419103510,100100000,1638140040,1638140040,36893488147419103510,2,278
36893488147419103511,100090000,1638226444,1638226444,36893488147419103511,2,279
36893488147419103512,100082842,1638312852,1638312852,36893488147419103512,2,280
36893488147419103513,100073888,1638399251,1638399251,36893488147419103513,2,281
36893488147419103514,100070534,1638485659,1638485659,36893488147419103514,2,282
36893488147419103515,100100000,1638572117,1638572117,36893488147419103515,2,283
36893488147419103516,100711477,1638595937,1638595937,36893488147419103516,2,284
36893488147419103517,100200000,1638600925,1638600925,36893488147419103517,2,285
36893488147419103518,100121118,1638687292,1638687292,36893488147419103518,2,286
36893488147419103519,100101639,1638773723,1638773723,36893488147419103519,2,287
36893488147419103520,100133519,1638860134,1638860134,36893488147419103520,2,288
36893488147419103521,100099837,1638946546,1638946546,36893488147419103521,2,289
36893488147419103522,100100000,1639032981,1639032981,36893488147419103522,2,290
36893488147419103523,100081503,1639119459,1639119459,36893488147419103523,2,291
36893488147419103524,100100000,1639205884,1639205884,36893488147419103524,2,292
36893488147419103525,100087238,1639292273,1639292273,36893488147419103525,2,293
36893488147419103526,100077102,1639378694,1639378694,36893488147419103526,2,294
36893488147419103527,100074894,1639465113,1639465113,36893488147419103527,2,295
36893488147419103528,100033842,1639551503,1639551503,36893488147419103528,2,296
36893488147419103529,100039269,1639637880,1639637880,36893488147419103529,2,297
36893488147419103530,100029405,1639724267,1639724267,36893488147419103530,2,298
36893488147419103531,100042768,1639810667,1639810667,36893488147419103531,2,299
36893488147419103532,100045185,1639897079,1639897079,36893488147419103532,2,300
36893488147419103533,100037710,1639983490,1639983490,36893488147419103533,2,301
36893488147419103534,100029741,1640069894,1640069894,36893488147419103534,2,302
36893488147419103535,100024915,1640156304,1640156304,36893488147419103535,2,303
36893488147419103536,100025240,1640242698,1640242698,36893488147419103536,2,304
36893488147419103537,100041263,1640329087,1640329087,36893488147419103537,2,305
36893488147419103538,100062089,1640415580,1640415580,36893488147419103538,2,306
36893488147419103539,100056878,1640502004,1640502004,36893488147419103539,2,307
36893488147419103540,100045053,1640588365,1640588365,36893488147419103540,2,308
36893488147419103541,100034383,1640674785,1640674785,36893488147419103541,2,309
36893488147419103542,100014391,1640761213,1640761213,36893488147419103542,2,310
36893488147419103543,100021443,1640847620,1640847620,36893488147419103543,2,311
36893488147419103544,100021625,1640934049,1640934049,36893488147419103544,2,312
36893488147419103545,100009567,1641020497,1641020497,36893488147419103545,2,313
36893488147419103546,100017799,1641106896,1641106896,36893488147419103546,2,314
36893488147419103547,100018565,1641193314,1641193314,36893488147419103547,2,315
36893488147419103548,100008116,1641279719,1641279719,36893488147419103548,2,316
36893488147419103549,100000000,1641366135,1641366135,36893488147419103549,2,317
36893488147419103550,100000542,1641452548,1641452548,36893488147419103550,2,318
36893488147419103551,99980000,1641539008,1641539008,36893488147419103551,2,319
36893488147419103552,100000000,1641625420,1641625420,36893488147419103552,2,320
36893488147419103553,100014687,1641711822,1641711822,36893488147419103553,2,321
36893488147419103554,100006319,1641798222,1641798222,36893488147419103554,2,322
36893488147419103555,100004177,1641884654,1641884654,36893488147419103555,2,323
36893488147419103556,100003987,1641884721,1641884721,36893488147419103556,2,324
36893488147419103557,100021531,1641924656,1641924656,36893488147419103557,2,325
36893488147419103558,100038607,1642011061,1642011061,36893488147419103558,2,326
36893488147419103559,100041555,1642097473,1642097473,36893488147419103559,2,327
36893488147419103560,100031641,1642183981,1642183981,36893488147419103560,2,328
36893488147419103561,100051305,1642270471,1642270471,36893488147419103561,2,329
36893488147419103562,100036608,1642356875,1642356875,36893488147419103562,2,330
36893488147419103563,100026433,1642443258,1642443258,36893488147419103563,2,331
36893488147419103564,100026507,1642529672,1642529672,36893488147419103564,2,332
36893488147419103565,100032930,1642616050,1642616050,36893488147419103565,2,333
36893488147419103566,100020297,1642702480,1642702480,36893488147419103566,2,334
36893488147419103567,100006758,1642788945,1642788945,36893488147419103567,2,335
36893488147419103568,100013020,1642875430,1642875430,36893488147419103568,2,336
36893488147419103569,100026766,1642961864,1642961864,36893488147419103569,2,337
36893488147419103570,100100000,1643048386,1643048386,36893488147419103570,2,338
36893488147419103571,100059714,1643134859,1643134859,36893488147419103571,2,339
36893488147419103572,100072071,1643221248,1643221248,36893488147419103572,2,340
36893488147419103573,100022652,1643307663,1643307663,36893488147419103573,2,341
36893488147419103574,100035851,1643394059,1643394059,36893488147419103574,2,342
36893488147419103575,100055361,1643480439,1643480439,36893488147419103575,2,343
36893488147419103576,100040295,1643566921,1643566921,36893488147419103576,2,344
36893488147419103577,100041290,1643653387,1643653387,36893488147419103577,2,345
36893488147419103578,100061654,1643739780,1643739780,36893488147419103578,2,346
36893488147419103579,100042311,1643826203,1643826203,36893488147419103579,2,347
36893488147419103580,100051731,1643912618,1643912618,36893488147419103580,2,348
36893488147419103581,100054245,1643999021,1643999021,36893488147419103581,2,349
36893488147419103582,100060189,1644085412,1644085412,36893488147419103582,2,350
36893488147419103583,100065758,1644171806,1644171806,36893488147419103583,2,351
36893488147419103584,100100000,1644258207,1644258207,36893488147419103584,2,352
36893488147419103585,100081304,1644344622,1644344622,36893488147419103585,2,353
36893488147419103586,100098394,1644431133,1644431133,36893488147419103586,2,354
36893488147419103587,100071547,1644517525,1644517525,36893488147419103587,2,355
36893488147419103588,100100000,1644603940,1644603940,36893488147419103588,2,356
36893488147419103589,100100000,1644690347,1644690347,36893488147419103589,2,357
36893488147419103590,100071498,1644776755,1644776755,36893488147419103590,2,358
36893488147419103591,100045291,1644863209,1644863209,36893488147419103591,2,359
36893488147419103592,100100000,1644949692,1644949692,36893488147419103592,2,360
36893488147419103593,100100000,1645036109,1645036109,36893488147419103593,2,361
36893488147419103594,100062261,1645122511,1645122511,36893488147419103594,2,362
36893488147419103595,100100000,1645208937,1645208937,36893488147419103595,2,363
36893488147419103596,100100000,1645295349,1645295349,36893488147419103596,2,364
36893488147419103597,100046396,1645381772,1645381772,36893488147419103597,2,365
36893488147419103598,100059557,1645468188,1645468188,36893488147419103598,2,366
36893488147419103599,100072677,1645554651,1645554651,36893488147419103599,2,367
36893488147419103600,100086622,1645641068,1645641068,36893488147419103600,2,368
36893488147419103601,100091657,1645727506,1645727506,36893488147419103601,2,369
36893488147419103602,100060477,1645813936,1645813936,36893488147419103602,2,370
36893488147419103603,100064518,1645900355,1645900355,36893488147419103603,2,371
36893488147419103604,100040602,1645986757,1645986757,36893488147419103604,2,372
36893488147419103605,100044249,1646073185,1646073185,36893488147419103605,2,373
36893488147419103606,100051015,1646159605,1646159605,36893488147419103606,2,374
36893488147419103607,100044734,1646246016,1646246016,36893488147419103607,2,375
36893488147419103608,100035695,1646332435,1646332435,36893488147419103608,2,376
36893488147419103609,100033955,1646418847,1646418847,36893488147419103609,2,377
36893488147419103610,100023270,1646505250,1646505250,36893488147419103610,2,378
36893488147419103611,100019885,1646591687,1646591687,36893488147419103611,2,379
36893488147419103612,100026366,1646678155,1646678155,36893488147419103612,2,380
36893488147419103613,100006970,1646764693,1646764693,36893488147419103613,2,381
36893488147419103614,100030435,1646851165,1646851165,36893488147419103614,2,382
36893488147419103615,100056674,1646937599,1646937599,36893488147419103615,2,383
36893488147419103616,100027667,1647024106,1647024106,36893488147419103616,2,384
36893488147419103617,100028527,1647110482,1647110482,36893488147419103617,2,385
36893488147419103618,100032072,1647196891,1647196891,36893488147419103618,2,386
36893488147419103619,100029174,1647197414,1647197414,36893488147419103619,2,387
36893488147419103620,100013260,1647283811,1647283811,36893488147419103620,2,388
36893488147419103621,100041322,1647370329,1647370329,36893488147419103621,2,389
36893488147419103622,100046845,1647456788,1647456788,36893488147419103622,2,390
36893488147419103623,100060096,1647543174,1647543174,36893488147419103623,2,391
36893488147419103624,100100000,1647629582,1647629582,36893488147419103624,2,392
36893488147419103625,100049997,1647716003,1647716003,36893488147419103625,2,393
36893488147419103626,100043601,1647802392,1647802392,36893488147419103626,2,394
36893488147419103627,100024248,1647888814,1647888814,36893488147419103627,2,395
36893488147419103628,100041375,1647975227,1647975227,36893488147419103628,2,396
36893488147419103629,100036405,1648061629,1648061629,36893488147419103629,2,397
36893488147419103630,100042695,1648148101,1648148101,36893488147419103630,2,398
36893488147419103631,100043576,1648234498,1648234498,36893488147419103631,2,399
36893488147419103632,100045951,1648320915,1648320915,36893488147419103632,2,400
36893488147419103633,100038294,1648407311,1648407311,36893488147419103633,2,401
36893488147419103634,100040671,1648493774,1648493774,36893488147419103634,2,402
36893488147419103635,100021180,1648580165,1648580165,36893488147419103635,2,403
36893488147419103636,100024967,1648666596,1648666596,36893488147419103636,2,404
36893488147419103637,100031157,1648753002,1648753002,36893488147419103637,2,405
36893488147419103638,100041261,1648839434,1648839434,36893488147419103638,2,406
36893488147419103639,100038900,1648925841,1648925841,36893488147419103639,2,407
36893488147419103640,100030972,1649012240,1649012240,36893488147419103640,2,408
36893488147419103641,100032663,1649098650,1649098650,36893488147419103641,2,409
36893488147419103642,100012633,1649185073,1649185073,36893488147419103642,2,410
36893488147419103643,100013375,1649271489,1649271489,36893488147419103643,2,411
36893488147419103644,100013932,1649357895,1649357895,36893488147419103644,2,412
36893488147419103645,100028209,1649444418,1649444418,36893488147419103645,2,413
36893488147419103646,100046179,1649530908,1649530908,36893488147419103646,2,414
36893488147419103647,100021145,1649617322,1649617322,36893488147419103647,2,415
36893488147419103648,100017292,1649703729,1649703729,36893488147419103648,2,416
36893488147419103649,100029133,1649790122,1649790122,36893488147419103649,2,417
36893488147419103650,100020667,1649876520,1649876520,36893488147419103650,2,418
36893488147419103651,100006204,1649963053,1649963053,36893488147419103651,2,419
36893488147419103652,100034052,1650049445,1650049445,36893488147419103652,2,420
36893488147419103653,100024592,1650135922,1650135922,36893488147419103653,2,421
36893488147419103654,100030372,1650222410,1650222410,36893488147419103654,2,422
36893488147419103655,100013959,1650308817,1650308817,36893488147419103655,2,423
36893488147419103656,100016298,1650395276,1650395276,36893488147419103656,2,424
36893488147419103657,100017088,1650481684,1650481684,36893488147419103657,2,425
36893488147419103658,100022373,1650568114,1650568114,36893488147419103658,2,426
36893488147419103659,100010704,1650654524,1650654524,36893488147419103659,2,427
36893488147419103660,100024227,1650740926,1650740926,36893488147419103660,2,428
36893488147419103661,100031735,1650827322,1650827322,36893488147419103661,2,429
36893488147419103662,100010420,1650913781,1650913781,36893488147419103662,2,430
36893488147419103663,100009106,1651000199,1651000199,36893488147419103663,2,431
36893488147419103664,100006081,1651086615,1651086615,36893488147419103664,2,432
36893488147419103665,100015767,1651173009,1651173009,36893488147419103665,2,433
36893488147419103666,100005809,1651259387,1651259387,36893488147419103666,2,434
36893488147419103667,100012772,1651345791,1651345791,36893488147419103667,2,435
36893488147419103668,100017490,1651432187,1651432187,36893488147419103668,2,436
36893488147419103669,100010233,1651518583,1651518583,36893488147419103669,2,437
36893488147419103670,99994484,1651605055,1651605055,36893488147419103670,2,438
36893488147419103671,100002367,1651691468,1651691468,36893488147419103671,2,439
36893488147419103672,100000000,1651777863,1651777863,36893488147419103672,2,440
36893488147419103673,100004813,1651864286,1651864286,36893488147419103673,2,441
36893488147419103674,99975896,1651950663,1651950663,36893488147419103674,2,442
36893488147419103675,99990000,1652037080,1652037080,36893488147419103675,2,443
36893488147419103676,99990992,1652123551,1652123551,36893488147419103676,2,444
36893488147419103677,100000000,1652209966,1652209966,36893488147419103677,2,445
36893488147419103678,99740171,1652273907,1652273907,36893488147419103678,2,446
36893488147419103679,99999376,1652274446,1652274446,36893488147419103679,2,447
36893488147419103680,99740000,1652276054,1652276054,36893488147419103680,2,448
36893488147419103681,100000386,1652276949,1652276949,36893488147419103681,2,449
36893488147419103682,99736604,1652300256,1652300256,36893488147419103682,2,450
36893488147419103683,99484737,1652328156,1652328156,36893488147419103683,2,451
36893488147419103684,99760100,1652329392,1652329392,36893488147419103684,2,452
36893488147419103685,99490000,1652329606,1652329606,36893488147419103685,2,453
36893488147419103686,99909900,1652331727,1652331727,36893488147419103686,2,454
36893488147419103687,99583325,1652331813,1652331813,36893488147419103687,2,455
36893488147419103688,99330000,1652333932,1652333932,36893488147419103688,2,456
36893488147419103689,99011147,1652335390,1652335390,36893488147419103689,2,457
36893488147419103690,98750000,1652336621,1652336621,36893488147419103690,2,458
36893488147419103691,98464569,1652337042,1652337042,36893488147419103691,2,459
36893488147419103692,98197151,1652337713,1652337713,36893488147419103692,2,460
36893488147419103693,97870000,1652338176,1652338176,36893488147419103693,2,461
36893488147419103694,98162829,1652338360,1652338360,36893488147419103694,2,462
36893488147419103695,97750000,1652338482,1652338482,36893488147419103695,2,463
36893488147419103696,98020797,1652338554,1652338554,36893488147419103696,2,464
36893488147419103697,97560000,1652338660,1652338660,36893488147419103697,2,465
36893488147419103698,97199685,1652339020,1652339020,36893488147419103698,2,466
36893488147419103699,96933776,1652339367,1652339367,36893488147419103699,2,467
36893488147419103700,96690000,1652339476,1652339476,36893488147419103700,2,468
36893488147419103701,96367876,1652339534,1652339534,36893488147419103701,2,469
36893488147419103702,96067367,1652339678,1652339678,36893488147419103702,2,470
36893488147419103703,95700000,1652339977,1652339977,36893488147419103703,2,471
36893488147419103704,95430464,1652339987,1652339987,36893488147419103704,2,472
36893488147419103705,95181623,1652340153,1652340153,36893488147419103705,2,473
36893488147419103706,95477968,1652340247,1652340247,36893488147419103706,2,474
36893488147419103707,96051410,1652340408,1652340408,36893488147419103707,2,475
36893488147419103708,96405804,1652340494,1652340494,36893488147419103708,2,476
36893488147419103709,96701602,1652340616,1652340616,36893488147419103709,2,477
36893488147419103710,97246513,1652341229,1652341229,36893488147419103710,2,478
36893488147419103711,97629116,1652341380,1652341380,36893488147419103711,2,479
36893488147419103712,98001852,1652341579,1652341579,36893488147419103712,2,480
36893488147419103713,98272065,1652341622,1652341622,36893488147419103713,2,481
36893488147419103714,98808634,1652341862,1652341862,36893488147419103714,2,482
36893488147419103715,98560000,1652345820,1652345820,36893488147419103715,2,483
36893488147419103716,98310000,1652347542,1652347542,36893488147419103716,2,484
36893488147419103717,98789111,1652349214,1652349214,36893488147419103717,2,485
36893488147419103718,98490000,1652349317,1652349317,36893488147419103718,2,486
36893488147419103719,98745352,1652349706,1652349706,36893488147419103719,2,487
36893488147419103720,98410000,1652350139,1652350139,36893488147419103720,2,488
36893488147419103721,98663995,1652350826,1652350826,36893488147419103721,2,489
36893488147419103722,99032132,1652353780,1652353780,36893488147419103722,2,490
36893488147419103723,98749511,1652353896,1652353896,36893488147419103723,2,491
36893488147419103724,98690000,1652353896,1652353896,36893488147419103724,2,492
36893488147419103725,98948336,1652354052,1652354052,36893488147419103725,2,493
36893488147419103726,98694359,1652354324,1652354324,36893488147419103726,2,494
36893488147419103727,98699359,1652354557,1652354557,36893488147419103727,2,495
36893488147419103728,98955509,1652355344,1652355344,36893488147419103728,2,496
36893488147419103729,99220000,1652356845,1652356845,36893488147419103729,2,497
36893488147419103730,99498148,1652361410,1652361410,36893488147419103730,2,498
36893488147419103731,99753476,1652370197,1652370197,36893488147419103731,2,499
36893488147419103732,100033413,1652442070,1652442070,36893488147419103732,2,500
36893488147419103733,99831715,1652528513,1652528513,36893488147419103733,2,501
36893488147419103734,99894576,1652614999,1652614999,36893488147419103734,2,502
36893488147419103735,99911841,1652701401,1652701401,36893488147419103735,2,503
36893488147419103736,99895836,1652787808,1652787808,36893488147419103736,2,504
36893488147419103737,99902432,1652874245,1652874245,36893488147419103737,2,505
36893488147419103738,99890668,1652960639,1652960639,36893488147419103738,2,506
36893488147419103739,99937819,1653047047,1653047047,36893488147419103739,2,507
36893488147419103740,99890158,1653133461,1653133461,36893488147419103740,2,508
36893488147419103741,99910000,1653219915,1653219915,36893488147419103741,2,509
36893488147419103742,99944959,1653306378,1653306378,36893488147419103742,2,510
36893488147419103743,99900000,1653392774,1653392774,36893488147419103743,2,511
36893488147419103744,99898647,1653479158,1653479158,36893488147419103744,2,512
36893488147419103745,99905673,1653565560,1653565560,36893488147419103745,2,513
36893488147419103746,99911867,1653651951,1653651951,36893488147419103746,2,514
36893488147419103747,99917859,1653738349,1653738349,36893488147419103747,2,515
36893488147419103748,99930000,1653824760,1653824760,36893488147419103748,2,516
36893488147419103749,99961613,1653911157,1653911157,36893488147419103749,2,517
36893488147419103750,99946588,1653997594,1653997594,36893488147419103750,2,518
36893488147419103751,99940000,1654084077,1654084077,36893488147419103751,2,519
36893488147419103752,99950000,1654170482,1654170482,36893488147419103752,2,520
36893488147419103753,99945134,1654256887,1654256887,36893488147419103753,2,521
36893488147419103754,99930000,1654343309,1654343309,36893488147419103754,2,522
36893488147419103755,99944478,1654429720,1654429720,36893488147419103755,2,523
36893488147419103756,99940000,1654429935,1654429935,36893488147419103756,2,524
36893488147419103757,99934692,1654516330,1654516330,36893488147419103757,2,525
36893488147419103758,99950262,1654602761,1654602761,36893488147419103758,2,526
36893488147419103759,99958159,1654689190,1654689190,36893488147419103759,2,527
36893488147419103760,99956119,1654689393,1654689393,36893488147419103760,2,528
36893488147419103761,99956489,1654775797,1654775797,36893488147419103761,2,529
36893488147419103762,99969570,1654862203,1654862203,36893488147419103762,2,530
36893488147419103763,99924808,1654948613,1654948613,36893488147419103763,2,531
36893488147419103764,99960000,1655035013,1655035013,36893488147419103764,2,532
36893488147419103765,99830000,1655121425,1655121425,36893488147419103765,2,533
36893488147419103766,99894341,1655207828,1655207828,36893488147419103766,2,534
36893488147419103767,99860000,1655294233,1655294233,36893488147419103767,2,535
36893488147419103768,99889842,1655380661,1655380661,36893488147419103768,2,536
36893488147419103769,99881500,1655467028,1655467028,36893488147419103769,2,537
36893488147419103770,99897976,1655553426,1655553426,36893488147419103770,2,538
36893488147419103771,99871801,1655639879,1655639879,36893488147419103771,2,539
36893488147419103772,99890000,1655726278,1655726278,36893488147419103772,2,540
36893488147419103773,99898365,1655812726,1655812726,36893488147419103773,2,541
36893488147419103774,99934149,1655899140,1655899140,36893488147419103774,2,542
36893488147419103775,99918111,1655985508,1655985508,36893488147419103775,2,543
36893488147419103776,99922233,1656071907,1656071907,36893488147419103776,2,544
36893488147419103777,99930000,1656158305,1656158305,36893488147419103777,2,545
36893488147419103778,99944668,1656244679,1656244679,36893488147419103778,2,546
36893488147419103779,99944788,1656331169,1656331169,36893488147419103779,2,547
36893488147419103780,99910000,1656417588,1656417588,36893488147419103780,2,548
36893488147419103781,99892269,1656504041,1656504041,36893488147419103781,2,549
36893488147419103782,99890526,1656590489,1656590489,36893488147419103782,2,550
36893488147419103783,99891918,1656676895,1656676895,36893488147419103783,2,551
36893488147419103784,99901179,1656763291,1656763291,36893488147419103784,2,552
36893488147419103785,99909603,1656849676,1656849676,36893488147419103785,2,553
36893488147419103786,99901060,1656936156,1656936156,36893488147419103786,2,554
36893488147419103787,99975829,1657022545,1657022545,36893488147419103787,2,555
36893488147419103788,99968103,1657109011,1657109011,36893488147419103788,2,556
36893488147419103789,99910000,1657195434,1657195434,36893488147419103789,2,557
36893488147419103790,100009975,1657281853,1657281853,36893488147419103790,2,558
36893488147419103791,99948104,1657368339,1657368339,36893488147419103791,2,559
36893488147419103792,99951763,1657454737,1657454737,36893488147419103792,2,560
36893488147419103793,100001524,1657541111,1657541111,36893488147419103793,2,561
36893488147419103794,100003089,1657627510,1657627510,36893488147419103794,2,562
36893488147419103795,99926222,1657714018,1657714018,36893488147419103795,2,563
36893488147419103796,99951027,1657800483,1657800483,36893488147419103796,2,564
36893488147419103797,99952031,1657886925,1657886925,36893488147419103797,2,565
36893488147419103798,99999534,1657973328,1657973328,36893488147419103798,2,566
36893488147419103799,99979343,1658059801,1658059801,36893488147419103799,2,567
36893488147419103800,99990000,1658146209,1658146209,36893488147419103800,2,568
36893488147419103801,100000926,1658232617,1658232617,36893488147419103801,2,569
36893488147419103802,100005929,1658319046,1658319046,36893488147419103802,2,570
36893488147419103803,100003980,1658405449,1658405449,36893488147419103803,2,571
36893488147419103804,100013136,1658491871,1658491871,36893488147419103804,2,572
36893488147419103805,100012289,1658578260,1658578260,36893488147419103805,2,573
36893488147419103806,100010269,1658664673,1658664673,36893488147419103806,2,574
36893488147419103807,100004197,1658751061,1658751061,36893488147419103807,2,575
36893488147419103808,100032575,1658837483,1658837483,36893488147419103808,2,576
36893488147419103809,100009537,1658923912,1658923912,36893488147419103809,2,577
36893488147419103810,100022910,1659010305,1659010305,36893488147419103810,2,578
36893488147419103811,100025885,1659096706,1659096706,36893488147419103811,2,579
36893488147419103812,100030397,1659183109,1659183109,36893488147419103812,2,580
36893488147419103813,100031058,1659269520,1659269520,36893488147419103813,2,581
36893488147419103814,100027734,1659355935,1659355935,36893488147419103814,2,582
36893488147419103815,100038106,1659442351,1659442351,36893488147419103815,2,583
36893488147419103816,100017110,1659528774,1659528774,36893488147419103816,2,584
36893488147419103817,100040814,1659615177,1659615177,36893488147419103817,2,585
36893488147419103818,100006313,1659701580,1659701580,36893488147419103818,2,586
36893488147419103819,100030547,1659787964,1659787964,36893488147419103819,2,587
36893488147419103820,100012869,1659874391,1659874391,36893488147419103820,2,588
36893488147419103821,100011741,1659960792,1659960792,36893488147419103821,2,589
36893488147419103822,100018589,1660047215,1660047215,36893488147419103822,2,590
36893488147419103823,100026502,1660133618,1660133618,36893488147419103823,2,591
36893488147419103824,100039424,1660220025,1660220025,36893488147419103824,2,592
36893488147419103825,100050594,1660306417,1660306417,36893488147419103825,2,593
36893488147419103826,100039720,1660392819,1660392819,36893488147419103826,2,594
36893488147419103827,100029560,1660479217,1660479217,36893488147419103827,2,595
36893488147419103828,100031088,1660565632,1660565632,36893488147419103828,2,596
36893488147419103829,100014254,1660652029,1660652029,36893488147419103829,2,597
36893488147419103830,100011067,1660738414,1660738414,36893488147419103830,2,598
36893488147419103831,100009992,1660824844,1660824844,36893488147419103831,2,599
36893488147419103832,100006792,1660911247,1660911247,36893488147419103832,2,600
36893488147419103833,100015656,1660997659,1660997659,36893488147419103833,2,601
36893488147419103834,100004148,1661084051,1661084051,36893488147419103834,2,602
36893488147419103835,99991746,1661170462,1661170462,36893488147419103835,2,603
36893488147419103836,99992387,1661256856,1661256856,36893488147419103836,2,604
36893488147419103837,100011341,1661343264,1661343264,36893488147419103837,2,605
36893488147419103838,100000000,1661429691,1661429691,36893488147419103838,2,606
36893488147419103839,100006460,1661516110,1661516110,36893488147419103839,2,607
36893488147419103840,100015677,1661602533,1661602533,36893488147419103840,2,608
36893488147419103841,100003216,1661688923,1661688923,36893488147419103841,2,609
36893488147419103842,100000000,1661775336,1661775336,36893488147419103842,2,610
36893488147419103843,100005776,1661861746,1661861746,36893488147419103843,2,611
36893488147419103844,100003007,1661948164,1661948164,36893488147419103844,2,612
36893488147419103845,100003264,1662034572,1662034572,36893488147419103845,2,613
36893488147419103846,100000849,1662120971,1662120971,36893488147419103846,2,614
36893488147419103847,100004474,1662207378,1662207378,36893488147419103847,2,615
36893488147419103848,100000000,1662293750,1662293750,36893488147419103848,2,616
36893488147419103849,99996069,1662380161,1662380161,36893488147419103849,2,617
36893488147419103850,100003298,1662466581,1662466581,36893488147419103850,2,618
36893488147419103851,100003476,1662552980,1662552980,36893488147419103851,2,619
36893488147419103852,100007119,1662639369,1662639369,36893488147419103852,2,620
36893488147419103853,100016670,1662725837,1662725837,36893488147419103853,2,621
36893488147419103854,100037685,1662812230,1662812230,36893488147419103854,2,622
36893488147419103855,100028582,1662898646,1662898646,36893488147419103855,2,623
36893488147419103856,100006130,1662985047,1662985047,36893488147419103856,2,624
36893488147419103857,100023999,1663071425,1663071425,36893488147419103857,2,625
36893488147419103858,100003772,1663157829,1663157829,36893488147419103858,2,626
36893488147419103859,100004569,1663244279,1663244279,36893488147419103859,2,627
36893488147419103860,100011417,1663330715,1663330715,36893488147419103860,2,628
36893488147419103861,100000118,1663417139,1663417139,36893488147419103861,2,629
36893488147419103862,100004255,1663503563,1663503563,36893488147419103862,2,630
36893488147419103863,100008674,1663589999,1663589999,36893488147419103863,2,631
36893488147419103864,100010121,1663676411,1663676411,36893488147419103864,2,632
36893488147419103865,100012873,1663762823,1663762823,36893488147419103865,2,633
36893488147419103866,100000145,1663849271,1663849271,36893488147419103866,2,634
36893488147419103867,99999319,1663935779,1663935779,36893488147419103867,2,635
36893488147419103868,100000748,1664022203,1664022203,36893488147419103868,2,636
36893488147419103869,100004083,1664108627,1664108627,36893488147419103869,2,637
36893488147419103870,100000000,1664195039,1664195039,36893488147419103870,2,638
36893488147419103871,99998543,1664281475,1664281475,36893488147419103871,2,639
36893488147419103872,99994588,1664367959,1664367959,36893488147419103872,2,640
36893488147419103873,100004414,1664454383,1664454383,36893488147419103873,2,641
36893488147419103874,100005844,1664540807,1664540807,36893488147419103874,2,642
36893488147419103875,100006785,1664627243,1664627243,36893488147419103875,2,643
36893488147419103876,100000000,1664713679,1664713679,36893488147419103876,2,644
36893488147419103877,100004379,1664800115,1664800115,36893488147419103877,2,645
36893488147419103878,100024836,1664886551,1664886551,36893488147419103878,2,646
36893488147419103879,100015790,1664972999,1664972999,36893488147419103879,2,647
36893488147419103880,100012614,1665059423,1665059423,36893488147419103880,2,648
36893488147419103881,100000000,1665145847,1665145847,36893488147419103881,2,649
36893488147419103882,100014558,1665232259,1665232259,36893488147419103882,2,650
36893488147419103883,100012129,1665318695,1665318695,36893488147419103883,2,651
36893488147419103884,100004689,1665405131,1665405131,36893488147419103884,2,652
36893488147419103885,99998004,1665491567,1665491567,36893488147419103885,2,653
36893488147419103886,99998497,1665577979,1665577979,36893488147419103886,2,654
36893488147419103887,99996016,1665664427,1665664427,36893488147419103887,2,655
36893488147419103888,100000000,1665750851,1665750851,36893488147419103888,2,656
36893488147419103889,100007565,1665837287,1665837287,36893488147419103889,2,657
36893488147419103890,100006799,1665923711,1665923711,36893488147419103890,2,658
36893488147419103891,100000000,1666010135,1666010135,36893488147419103891,2,659
36893488147419103892,100005604,1666096547,1666096547,36893488147419103892,2,660
36893488147419103893,100008576,1666182971,1666182971,36893488147419103893,2,661
36893488147419103894,100000000,1666269383,1666269383,36893488147419103894,2,662
36893488147419103895,100000000,1666355819,1666355819,36893488147419103895,2,663
36893488147419103896,100005848,1666442255,1666442255,36893488147419103896,2,664
36893488147419103897,100000522,1666528691,1666528691,36893488147419103897,2,665
36893488147419103898,100015189,1666615127,1666615127,36893488147419103898,2,666
36893488147419103899,100003942,1666701539,1666701539,36893488147419103899,2,667
36893488147419103900,100016413,1666787963,1666787963,36893488147419103900,2,668
36893488147419103901,100015153,1666874399,1666874399,36893488147419103901,2,669
36893488147419103902,100007904,1666960823,1666960823,36893488147419103902,2,670
36893488147419103903,100025929,1667047247,1667047247,36893488147419103903,2,671
36893488147419103904,100018354,1667133683,1667133683,36893488147419103904,2,672
36893488147419103905,100000000,1667220107,1667220107,36893488147419103905,2,673
36893488147419103906,99984000,1667306519,1667306519,36893488147419103906,2,674
36893488147419103907,99993522,1667392931,1667392931,36893488147419103907,2,675
36893488147419103908,100009696,1667479367,1667479367,36893488147419103908,2,676
36893488147419103909,99998385,1667565779,1667565779,36893488147419103909,2,677
36893488147419103910,100022790,1667652215,1667652215,36893488147419103910,2,678
36893488147419103911,100000000,1667738639,1667738639,36893488147419103911,2,679
36893488147419103912,100005000,1667825075,1667825075,36893488147419103912,2,680
36893488147419103913,100035674,1667911511,1667911511,36893488147419103913,2,681
36893488147419103914,99900000,1667997983,1667997983,36893488147419103914,2,682
36893488147419103915,100180000,1667999843,1667999843,36893488147419103915,2,683
36893488147419103916,99915469,1668001883,1668001883,36893488147419103916,2,684
36893488147419103917,100200000,1668026951,1668026951,36893488147419103917,2,685
36893488147419103918,99922231,1668036983,1668036983,36893488147419103918,2,686
36893488147419103919,100222212,1668071591,1668071591,36893488147419103919,2,687
36893488147419103920,99923943,1668071711,1668071711,36893488147419103920,2,688
36893488147419103921,99665980,1668078203,1668078203,36893488147419103921,2,689
36893488147419103922,99394803,1668081587,1668081587,36893488147419103922,2,690
36893488147419103923,98946866,1668082463,1668082463,36893488147419103923,2,691
36893488147419103924,99215366,1668082523,1668082523,36893488147419103924,2,692
36893488147419103925,98966089,1668082643,1668082643,36893488147419103925,2,693
36893488147419103926,98693105,1668082907,1668082907,36893488147419103926,2,694
36893488147419103927,98966832,1668083099,1668083099,36893488147419103927,2,695
36893488147419103928,99348236,1668084443,1668084443,36893488147419103928,2,696
36893488147419103929,99059904,1668084515,1668084515,36893488147419103929,2,697
36893488147419103930,99330184,1668084539,1668084539,36893488147419103930,2,698
36893488147419103931,98970361,1668084767,1668084767,36893488147419103931,2,699
36893488147419103932,99266641,1668085463,1668085463,36893488147419103932,2,700
36893488147419103933,99529660,1668086123,1668086123,36893488147419103933,2,701
36893488147419103934,99240000,1668086147,1668086147,36893488147419103934,2,702
36893488147419103935,99560183,1668086723,1668086723,36893488147419103935,2,703
36893488147419103936,99825650,1668093179,1668093179,36893488147419103936,2,704
36893488147419103937,99840000,1668108779,1668108779,36893488147419103937,2,705
36893488147419103938,99795000,1668195215,1668195215,36893488147419103938,2,706
36893488147419103939,99830000,1668281627,1668281627,36893488147419103939,2,707
36893488147419103940,99878317,1668368063,1668368063,36893488147419103940,2,708
